symbol,date,close,high,low,open,volume
AAPL,21/10/2025,556.85,568.31,552.39,560.12,4796677
AAPL,22/10/2025,559.49,561.05,545.88,551.89,8440970
AAPL,23/10/2025,550.07,559.48,539.66,555.05,9045168
AAPL,24/10/2025,547.82,557.66,532.53,542.23,1512364
AAPL,25/10/2025,552.73,572.46,548.75,561.29,9079418
AAPL,26/10/2025,554.11,561.89,549.5,554.53,1326871
AAPL,27/10/2025,559.66,566.6,542.09,550.29,6364513
AAPL,28/10/2025,542.14,552.64,538.24,540.93,1447767
AAPL,29/10/2025,551.87,564.22,545.85,554.12,3144960
AAPL,30/10/2025,563.08,572.69,553.33,569.93,6680596
AAPL,31/10/2025,559.74,564.78,549.46,549.64,3807120
AAPL,01/11/2025,557.37,563.27,542.33,553.12,5398985
AAPL,02/11/2025,564.08,567.83,556.65,567.57,2781400
AAPL,03/11/2025,558.37,569.87,551.22,565.96,9172782
AAPL,04/11/2025,570.1,581.33,558.67,559.3,3281568
AAPL,05/11/2025,557.49,561.33,545.87,548.56,5933838
AAPL,06/11/2025,548.39,549.16,535.8,539.82,2529535
AAPL,07/11/2025,539.37,546.22,536.68,536.88,2985492
AAPL,08/11/2025,527.46,536.02,524.98,527.21,4439084
AAPL,09/11/2025,536.79,538.06,526.91,535.99,7394854
AAPL,10/11/2025,525.76,536.15,507.39,516.23,6792992
AAPL,11/11/2025,525.98,526.38,521.08,523.46,6034714
AAPL,12/11/2025,517.26,522.71,513.82,515.26,4100431
AAPL,13/11/2025,522.24,533.6,521.49,530.46,5726011
AAPL,14/11/2025,526.94,532.53,509.84,516.84,5818442
AAPL,15/11/2025,523.11,526.48,514.14,524.75,8790728
AAPL,16/11/2025,533.64,541.79,523.68,526.38,4930741
AAPL,17/11/2025,523.47,527.71,515.43,517.74,4227902
AAPL,18/11/2025,514.49,521.61,510.28,512.16,4844608
AAPL,19/11/2025,502.89,503.15,495.8,498.9,4593940
ADBE,21/10/2025,173,174.26,171.19,172.75,6333307
ADBE,22/10/2025,172.59,176.12,169.37,174.16,4754778
ADBE,23/10/2025,173.37,174.62,170.36,173.15,1607799
ADBE,24/10/2025,173.22,174.23,168.42,171.72,2814673
ADBE,25/10/2025,168.69,169.34,164.45,166.14,1244142
ADBE,26/10/2025,167.78,172.95,164.85,170.08,6868505
ADBE,27/10/2025,171.48,172.16,169.48,171.34,1809592
ADBE,28/10/2025,173.12,176.24,168.87,169.81,1171809
ADBE,29/10/2025,170.55,172.13,168.26,168.66,2216751
ADBE,30/10/2025,170.97,174.21,166.02,168.42,2545052
ADBE,31/10/2025,166.64,168.52,163.86,168.23,2092967
ADBE,01/11/2025,169.97,171.95,167.09,168.3,6417490
ADBE,02/11/2025,170.56,175.35,170.53,173.63,5016589
ADBE,03/11/2025,174.91,176.5,171.97,172.67,1837854
ADBE,04/11/2025,174.99,177.88,172.08,173.84,1695970
ADBE,05/11/2025,170.81,172.86,168.04,170.92,5116018
ADBE,06/11/2025,173.33,176.28,172.98,175.24,5231258
ADBE,07/11/2025,178,179.06,175.09,177.99,3885714
ADBE,08/11/2025,179.2,180.24,172.62,175.85,6217132
ADBE,09/11/2025,177.24,179.59,175.4,177.44,8842536
ADBE,10/11/2025,177.11,180.36,173.18,175.59,5069158
ADBE,11/11/2025,175.81,178.51,175.81,177.19,4807792
ADBE,12/11/2025,177.85,181.16,174.67,178.31,2239574
ADBE,13/11/2025,179.48,182.7,176.16,181.5,1795203
ADBE,14/11/2025,180.56,182.75,177.77,181.11,4972039
ADBE,15/11/2025,182,183.13,179.44,182.54,2278515
ADBE,16/11/2025,179.65,185.38,178.69,182.95,1986688
ADBE,17/11/2025,186.18,191.41,185.69,189.68,5478130
ADBE,18/11/2025,187.18,190.11,185.4,186.28,3385223
ADBE,19/11/2025,184.2,184.27,180.62,182.39,9588336
AMD,21/10/2025,224.16,226.12,220.78,222.91,8572105
AMD,22/10/2025,220.42,220.56,214.47,216.88,6600218
AMD,23/10/2025,216.26,216.75,214.07,216.62,2747202
AMD,24/10/2025,216.52,222.41,213.76,220.33,1903544
AMD,25/10/2025,219,222.28,215.6,221.4,2421178
AMD,26/10/2025,222.3,228.55,218.7,224.36,4192041
AMD,27/10/2025,227.59,229.47,226.6,228.58,7829572
AMD,28/10/2025,229.99,234.5,223.23,226.75,1958097
AMD,29/10/2025,228.12,232.04,224.7,230.96,7269377
AMD,30/10/2025,235.37,237.38,232.8,232.95,5480584
AMD,31/10/2025,232.82,238.62,232.73,237.17,7964786
AMD,01/11/2025,235.45,239.92,233.93,235.45,1601834
AMD,02/11/2025,239.48,244.22,236.41,238.77,6658332
AMD,03/11/2025,242.32,243.87,240.35,240.53,1952992
AMD,04/11/2025,237.82,243.95,234.9,241.99,8781168
AMD,05/11/2025,240.73,245.01,232.54,236.68,3900146
AMD,06/11/2025,240.64,242.8,238.12,239.27,4364569
AMD,07/11/2025,237.56,242.1,234.95,240.4,1226576
AMD,08/11/2025,237.87,241.11,233.18,240.51,8413894
AMD,09/11/2025,240.82,246.87,239.44,245.02,4500707
AMD,10/11/2025,241.06,241.38,236.07,239.34,8596514
AMD,11/11/2025,235.22,242.17,234.23,239.21,2982823
AMD,12/11/2025,237.84,239.98,232.62,236.63,2998379
AMD,13/11/2025,238.63,242.58,235.62,241.12,5570346
AMD,14/11/2025,245.63,246.1,241.97,243.62,5600945
AMD,15/11/2025,243.18,245.44,237.73,238.56,6544967
AMD,16/11/2025,238.87,241.53,230.76,234.21,7072493
AMD,17/11/2025,238.24,243.77,237.27,241.62,7002369
AMD,18/11/2025,240.37,241.74,235.51,238.43,6963151
AMD,19/11/2025,239.51,245.69,236.49,241.35,2346797
AMZN,21/10/2025,170.77,173.34,166.92,169.47,1689612
AMZN,22/10/2025,168.44,168.5,167.2,168.08,4317118
AMZN,23/10/2025,165,165.42,163.93,164.36,3647102
AMZN,24/10/2025,161.21,162.29,157.27,160.3,3262262
AMZN,25/10/2025,159.35,161.16,156.06,156.87,8999171
AMZN,26/10/2025,155.32,158.24,154.53,156.44,4959621
AMZN,27/10/2025,157.78,161.53,156.88,158.69,5658039
AMZN,28/10/2025,158.91,161.79,155.82,161.17,6335613
AMZN,29/10/2025,162.67,164.23,159.24,160.8,6517838
AMZN,30/10/2025,161.13,162.47,160.31,161.8,1200424
AMZN,31/10/2025,160.89,164.46,160.66,161.76,9338122
AMZN,01/11/2025,162.11,165.99,159.24,165.39,8356665
AMZN,02/11/2025,165.31,168.14,161.17,162.17,5061465
AMZN,03/11/2025,159.94,162.37,159.14,160.53,3336428
AMZN,04/11/2025,158.13,162.73,155.5,160.99,4029094
AMZN,05/11/2025,163.84,165.36,158.37,160.85,9421887
AMZN,06/11/2025,161.52,161.53,157.91,160.05,4631198
AMZN,07/11/2025,160.71,166.79,158.22,163.91,3811046
AMZN,08/11/2025,163.14,165.19,162.51,164.54,4711531
AMZN,09/11/2025,163.55,166.26,157.95,160.87,9606487
AMZN,10/11/2025,158.43,161.29,157.76,160.85,2036560
AMZN,11/11/2025,159.19,164.48,157.76,161.52,5748289
AMZN,12/11/2025,162.08,164.88,161.63,164.87,1796194
AMZN,13/11/2025,161.74,163.35,160.48,161.89,3982026
AMZN,14/11/2025,163.52,163.81,161.03,162.56,3966635
AMZN,15/11/2025,163.5,165.83,161.03,161.43,1685531
AMZN,16/11/2025,162.3,164.89,160.59,164.54,1320121
AMZN,17/11/2025,165.44,170.38,162.91,167.39,1498621
AMZN,18/11/2025,165.44,169.94,163.18,167.2,5714696
AMZN,19/11/2025,169.91,172.85,168.96,170.81,2984219
ATVI,21/10/2025,434.88,435.66,431.03,431.08,3325837
ATVI,22/10/2025,438.18,445.9,432.16,441.13,3918435
ATVI,23/10/2025,443.53,449.61,432.82,436.46,5347036
ATVI,24/10/2025,431.12,439.58,430.34,431.29,7308962
ATVI,25/10/2025,438.63,450.51,434.51,443.7,2073218
ATVI,26/10/2025,445.81,449.07,443.66,445.07,6778725
ATVI,27/10/2025,440.94,448.39,435.46,447.73,6483524
ATVI,28/10/2025,448.45,458.94,447.25,452.49,3002293
ATVI,29/10/2025,460.57,466.09,460.3,462.03,1259964
ATVI,30/10/2025,455.05,465.18,448.94,457.45,8659653
ATVI,31/10/2025,454.1,465.82,447.1,457.73,8379730
ATVI,01/11/2025,452.32,467.07,445.87,459.07,1970000
ATVI,02/11/2025,452.67,458.27,442.63,451.36,3871457
ATVI,03/11/2025,453.37,456.3,443.84,446.02,5132974
ATVI,04/11/2025,446.25,460.01,441.62,455.06,7973185
ATVI,05/11/2025,461.85,464.28,454.96,464,4993794
ATVI,06/11/2025,466.31,466.88,456.34,465.12,7783616
ATVI,07/11/2025,467.24,481.43,461.94,476.23,4555755
ATVI,08/11/2025,475.82,479.7,458.27,466.75,3123690
ATVI,09/11/2025,462.18,466.33,456.91,460.89,6020441
ATVI,10/11/2025,469.87,471.69,455.84,463.07,6573826
ATVI,11/11/2025,465.82,470.94,456.39,464.99,9766055
ATVI,12/11/2025,461.42,462.69,454.93,461.74,1695466
ATVI,13/11/2025,455.83,466.8,447.95,464.41,3963715
ATVI,14/11/2025,462.9,471.81,450.33,458.39,1034588
ATVI,15/11/2025,454.88,459.9,439.14,447.28,4899119
ATVI,16/11/2025,456.27,457.35,453.49,454.34,7403916
ATVI,17/11/2025,455.5,464.11,446.74,462.26,8751708
ATVI,18/11/2025,465.85,472.01,459.99,465.3,6221354
ATVI,19/11/2025,465.38,468.18,454.77,463.2,8895585
AVGO,21/10/2025,140.87,144.19,139.77,141.52,8297886
AVGO,22/10/2025,139.3,141.81,136.86,139.95,6592681
AVGO,23/10/2025,141.52,142.49,137.16,139.36,9394168
AVGO,24/10/2025,138.61,138.66,136.1,136.12,6696765
AVGO,25/10/2025,136.83,137.83,136.79,137.68,7766146
AVGO,26/10/2025,135.14,137.62,132.52,134.43,1937102
AVGO,27/10/2025,132.2,134.71,130.71,131.6,6111992
AVGO,28/10/2025,132.01,137.3,129.58,134.69,2489907
AVGO,29/10/2025,135.71,136.37,134.09,134.84,3864653
AVGO,30/10/2025,133.71,133.81,131.05,132.45,3826800
AVGO,31/10/2025,133.34,135.84,130.82,135.4,5023724
AVGO,01/11/2025,135.5,135.84,133.74,135.19,7853992
AVGO,02/11/2025,133.55,135.82,132.24,134.81,4117838
AVGO,03/11/2025,135.01,138.08,133.39,136.41,7529457
AVGO,04/11/2025,139.1,142.7,138.04,140.46,1080286
AVGO,05/11/2025,143.19,143.35,139.55,140.96,9150119
AVGO,06/11/2025,139.08,140.71,138.46,140.62,8249635
AVGO,07/11/2025,142.91,144.83,141.08,142.67,5336782
AVGO,08/11/2025,143.46,143.98,142.06,142.62,9505185
AVGO,09/11/2025,143.09,143.79,139.78,142.44,5960873
AVGO,10/11/2025,144.74,146.53,144.59,146.28,1205089
AVGO,11/11/2025,147.43,147.45,146.34,146.92,4650202
AVGO,12/11/2025,148.82,153.11,147.27,151.41,7281974
AVGO,13/11/2025,152.9,156.87,152.7,155.17,7807632
AVGO,14/11/2025,154.58,157.9,153.22,155.06,9549751
AVGO,15/11/2025,153.87,155.42,152.82,155.31,8886190
AVGO,16/11/2025,153.47,156.34,148.82,151.04,3367343
AVGO,17/11/2025,150.13,151.14,147.87,149.66,2477083
AVGO,18/11/2025,146.89,149.72,144.69,148.31,7609485
AVGO,19/11/2025,149.92,152.24,146.35,147.94,8757067
BABA,21/10/2025,331.26,334.79,322.72,327.04,9425580
BABA,22/10/2025,326.39,331.65,322.9,331.31,3818546
BABA,23/10/2025,325.87,325.96,320.39,320.57,6407209
BABA,24/10/2025,318.29,321.22,313.61,320.23,9028452
BABA,25/10/2025,326.21,329.06,316.68,321.69,5682964
BABA,26/10/2025,319.96,325.11,313.01,318.22,5326699
BABA,27/10/2025,321.36,323.79,320.89,321.35,9337872
BABA,28/10/2025,315.48,323.03,315.29,318.97,6274181
BABA,29/10/2025,313.17,319.14,309.51,317.59,8046685
BABA,30/10/2025,316.04,321.23,311.25,317.85,5656656
BABA,31/10/2025,322.64,323.58,313.69,319.75,8409565
BABA,01/11/2025,315.23,319.78,313.52,314.2,2564146
BABA,02/11/2025,311.48,319.92,308.22,316.98,6309657
BABA,03/11/2025,323.13,334.18,322.54,328.8,4519389
BABA,04/11/2025,331.97,339.17,331.79,335.79,7838608
BABA,05/11/2025,334.18,342.53,332.51,337.26,4508964
BABA,06/11/2025,340.3,349.32,337.06,343.87,6750861
BABA,07/11/2025,347.61,352.4,341.65,346.59,1756088
BABA,08/11/2025,352.12,352.24,339.75,346.63,2340611
BABA,09/11/2025,349.66,353.99,338.81,342.86,1849262
BABA,10/11/2025,340,345.7,330.38,336.25,4124414
BABA,11/11/2025,333.46,344.06,331.85,338.97,8398365
BABA,12/11/2025,343.27,348.26,343.03,344.71,8390704
BABA,13/11/2025,347.39,358.81,344.47,354.14,5800362
BABA,14/11/2025,352.32,353.92,347.58,349.71,9533349
BABA,15/11/2025,350.38,355.07,347.4,349.58,8256091
BABA,16/11/2025,350.55,354.46,345.25,347.8,4650230
BABA,17/11/2025,351.49,357.43,346.66,351.17,1846850
BABA,18/11/2025,353.47,355.29,346.84,351.33,3153811
BABA,19/11/2025,352.33,354.44,350.26,353.9,4244744
BAC,21/10/2025,474.46,482.86,470.17,472.79,2396575
BAC,22/10/2025,469.29,484.92,460.13,478.53,6081506
BAC,23/10/2025,472.39,474.22,459.38,468.38,6505032
BAC,24/10/2025,461.29,466.75,455.48,464.67,6025142
BAC,25/10/2025,461.02,468.67,460.96,461.17,1560027
BAC,26/10/2025,469.59,478.06,468.2,473.09,3605710
BAC,27/10/2025,465.49,468.36,455.48,458.71,1417846
BAC,28/10/2025,458.15,461.43,451.88,458.08,6762677
BAC,29/10/2025,459.9,472.74,454.65,468.85,6665928
BAC,30/10/2025,474.52,477.04,467.5,470.57,4664109
BAC,31/10/2025,477.3,494.47,472.98,485.71,3981913
BAC,01/11/2025,485.19,493.24,474.33,477.51,8546756
BAC,02/11/2025,479.51,482.03,475.15,480.96,6302513
BAC,03/11/2025,486.05,496.35,479.32,490.3,4494209
BAC,04/11/2025,491.25,497.61,482.08,485.74,2585617
BAC,05/11/2025,488.84,501.42,486.19,492.44,1449726
BAC,06/11/2025,487.68,494.66,481,490.59,8082950
BAC,07/11/2025,484.43,492.09,473.93,478.55,6102532
BAC,08/11/2025,482.42,489.77,474.03,478.95,9527898
BAC,09/11/2025,474.79,481.19,469.52,475.6,7279984
BAC,10/11/2025,471.88,478.32,460.08,467.68,4641022
BAC,11/11/2025,463.45,463.67,450.27,455.88,9645891
BAC,12/11/2025,450.28,455.81,443.35,452.63,1249651
BAC,13/11/2025,443.78,446.23,443.13,445.57,3314409
BAC,14/11/2025,450.2,455.35,442.36,455.17,9006011
BAC,15/11/2025,446.78,452.52,437.87,448.7,6575981
BAC,16/11/2025,451.91,464.04,448.43,459.6,1362619
BAC,17/11/2025,456.61,469.45,448.75,464.07,8694241
BAC,18/11/2025,457.44,461.12,444.62,450.5,1495914
BAC,19/11/2025,446.42,457.36,439.98,452.3,8860282
COST,21/10/2025,219.83,224.11,217.33,218.03,8350632
COST,22/10/2025,218.12,218.64,215.04,215.39,5185361
COST,23/10/2025,219.35,221.96,212.91,215.67,4455944
COST,24/10/2025,216.61,223.2,213.76,219.11,9032496
COST,25/10/2025,222.47,224.82,216.31,220.67,8707004
COST,26/10/2025,220.37,224.7,216.97,220.95,6828986
COST,27/10/2025,217.28,219.6,214.84,215.73,2368623
COST,28/10/2025,213.23,216.82,212.13,215.36,5721687
COST,29/10/2025,219.68,223.86,215.85,221.75,6165984
COST,30/10/2025,217.99,218.73,210.31,214.32,2124102
COST,31/10/2025,216.48,220.73,215.79,219.08,2364217
COST,01/11/2025,217.22,221.78,213.62,219.8,9326946
COST,02/11/2025,223.06,227.17,219.03,221.89,3128941
COST,03/11/2025,225.93,226.08,220.73,222,2258328
COST,04/11/2025,221.62,224.47,216.37,219.33,8134954
COST,05/11/2025,217.72,223.02,213.97,220.32,8867997
COST,06/11/2025,224.34,228.13,221.77,227.78,7816844
COST,07/11/2025,231.77,234.56,228.7,233.34,7059236
COST,08/11/2025,236.4,239.53,233.03,235.79,9413173
COST,09/11/2025,235.06,239.91,233.96,235.98,8109841
COST,10/11/2025,233.73,235.12,229.07,232.37,2430658
COST,11/11/2025,228.98,232.54,224.72,228.62,4918323
COST,12/11/2025,229.27,232.62,222.43,226.2,9279531
COST,13/11/2025,225.95,229.15,224.26,227.97,9537594
COST,14/11/2025,228.73,235.87,227.61,233.01,4628792
COST,15/11/2025,233,237.59,226.4,230.9,2458971
COST,16/11/2025,233.57,239.57,231.63,236.03,1563029
COST,17/11/2025,231.53,237.35,230.74,233.49,1896688
COST,18/11/2025,230.19,237.72,227.83,233.43,3644916
COST,19/11/2025,229.07,229.56,225.71,228.95,1487887
CRM,21/10/2025,140.76,142.23,138.06,140.65,7705510
CRM,22/10/2025,139.01,139.56,136.53,139.16,8331301
CRM,23/10/2025,137.92,138.76,134.52,136.13,3102130
CRM,24/10/2025,138.4,141.04,136.44,139.6,2333387
CRM,25/10/2025,138.1,139.13,134.32,136.69,4731272
CRM,26/10/2025,134.95,137.92,134.49,137.62,9088552
CRM,27/10/2025,138.27,139.29,135.63,137.16,9928429
CRM,28/10/2025,135.23,138.26,134.31,136.02,6286698
CRM,29/10/2025,133.56,134.49,132.02,134.1,6622614
CRM,30/10/2025,136.29,137.95,132.17,134.72,7705838
CRM,31/10/2025,135.38,136.81,132.77,133.66,8532301
CRM,01/11/2025,136.05,140.25,135.09,137.77,5451095
CRM,02/11/2025,138.76,141.66,136.97,141,5827285
CRM,03/11/2025,138.6,139.52,133.87,136.23,2382829
CRM,04/11/2025,134.87,135.46,131.1,133.65,7906214
CRM,05/11/2025,135.17,138.46,134.3,136.05,2502639
CRM,06/11/2025,133.94,137.63,131.5,136.3,3363782
CRM,07/11/2025,136.44,138.67,135.16,138.63,3017154
CRM,08/11/2025,138.7,141.42,137.9,140.84,8222961
CRM,09/11/2025,139.92,141.44,136.06,138.82,9367651
CRM,10/11/2025,137.99,139.32,136.55,137.01,4374881
CRM,11/11/2025,134.99,137.41,134.23,135.2,4673486
CRM,12/11/2025,135.98,140.14,133.31,137.66,7082174
CRM,13/11/2025,138.46,142.29,138.37,140.04,3252252
CRM,14/11/2025,142.39,144.54,137.5,139.85,4382004
CRM,15/11/2025,141.35,142.18,137.96,138.95,9746893
CRM,16/11/2025,136.94,140.86,136.84,138.77,1559760
CRM,17/11/2025,136.69,137.6,134.05,136.03,8261892
CRM,18/11/2025,138.28,140.7,138.02,139.73,8510401
CRM,19/11/2025,138.35,141.24,137.09,138.73,6941171
CSCO,21/10/2025,322.38,326.33,321.37,321.97,4383580
CSCO,22/10/2025,320.2,327.88,319.47,326.48,7996854
CSCO,23/10/2025,326.94,327.12,318.16,323.34,4769246
CSCO,24/10/2025,317.8,321.31,313.72,317.62,1173256
CSCO,25/10/2025,315.02,320.5,306.7,310.05,3382364
CSCO,26/10/2025,312.81,316.52,307.34,311.44,1462814
CSCO,27/10/2025,308.06,314.54,303.25,313.75,6974148
CSCO,28/10/2025,310.53,316.49,306.99,311.33,6088928
CSCO,29/10/2025,313.1,318.86,305.9,308.47,1046079
CSCO,30/10/2025,305.59,306.14,300.84,304.27,7215696
CSCO,31/10/2025,309.11,310.65,302.31,305.23,8255284
CSCO,01/11/2025,302.39,305.55,300.36,301.88,7023457
CSCO,02/11/2025,307.22,308.42,303.71,306.7,5172690
CSCO,03/11/2025,301.94,303.96,292.12,296.24,5717818
CSCO,04/11/2025,294.2,302.76,290.68,298.84,5078138
CSCO,05/11/2025,302.26,306.07,298.78,302.93,7610879
CSCO,06/11/2025,305.29,312.17,304.02,310.33,6848755
CSCO,07/11/2025,313.1,314.2,305.81,309.73,5545545
CSCO,08/11/2025,314.03,317.83,309.6,314.9,1653550
CSCO,09/11/2025,310.4,317.08,305.86,312.8,4626273
CSCO,10/11/2025,311.96,314,307.81,313.4,7894674
CSCO,11/11/2025,307.52,311.25,297.3,302.19,7798130
CSCO,12/11/2025,303.07,304.45,298.6,300.55,4797099
CSCO,13/11/2025,305.92,311.11,301.86,308.79,1511845
CSCO,14/11/2025,312.06,312.63,305.38,308.38,3729522
CSCO,15/11/2025,313.72,316.47,304.5,309.04,4926004
CSCO,16/11/2025,313.91,319.11,312.79,317.95,4751214
CSCO,17/11/2025,316.25,322.03,307.87,311.63,5971104
CSCO,18/11/2025,310.41,314.33,307.13,312.43,4061830
CSCO,19/11/2025,311.72,315.55,304.47,310.32,6730411
CVX,21/10/2025,439.95,445.8,433.58,434.99,1643905
CVX,22/10/2025,437.22,439.42,421.84,429.41,4908703
CVX,23/10/2025,436.57,442.77,426.71,428.8,5233063
CVX,24/10/2025,423.66,435.22,421.48,431.28,8219786
CVX,25/10/2025,435.72,442.74,433.73,436.26,1040615
CVX,26/10/2025,431.2,436.02,421.75,428.75,3347213
CVX,27/10/2025,436.12,444.81,435.49,435.99,4658526
CVX,28/10/2025,441.43,452.32,440.1,444.72,6615080
CVX,29/10/2025,444.87,458.15,440.33,449.92,6321090
CVX,30/10/2025,445.31,449.74,435.22,438.37,4828293
CVX,31/10/2025,444.2,454.84,442.51,447.64,7707581
CVX,01/11/2025,448.32,459.5,445.51,454.93,8785816
CVX,02/11/2025,446.39,453.75,440.08,451.16,1775508
CVX,03/11/2025,454.68,463.59,447.98,463.27,6306080
CVX,04/11/2025,465.83,470.2,456.66,459.3,4559386
CVX,05/11/2025,465.29,480.67,458.04,473.68,9875085
CVX,06/11/2025,483.31,486.43,472.63,480.61,7764388
CVX,07/11/2025,476.82,478.52,474.39,477.06,5177779
CVX,08/11/2025,470.42,471.95,456.88,465.38,5154476
CVX,09/11/2025,462.37,462.41,451.84,460.7,7514075
CVX,10/11/2025,467.58,472.35,458.77,467.83,5004705
CVX,11/11/2025,460.45,465.46,453.97,463.13,7420429
CVX,12/11/2025,457.2,459.28,448.11,450.36,4947212
CVX,13/11/2025,441.79,450.28,434.65,442.07,1605269
CVX,14/11/2025,446.47,453.32,444.54,446.74,5456287
CVX,15/11/2025,453.42,467.12,452.84,458.62,4043299
CVX,16/11/2025,459.46,465.22,458.62,458.8,7938594
CVX,17/11/2025,463.44,468.26,458.16,459.86,1358042
CVX,18/11/2025,458.88,461.32,447.81,456.71,1841933
CVX,19/11/2025,448.44,459.08,446.68,454.38,9594640
DIS,21/10/2025,360.13,364.41,356.18,363.88,2348329
DIS,22/10/2025,368.85,371.3,359.44,366.06,8401442
DIS,23/10/2025,371.12,383.52,364.45,376.41,6954270
DIS,24/10/2025,378.26,385.46,367.42,371.15,9034172
DIS,25/10/2025,371.09,375.03,362.94,367.15,4792641
DIS,26/10/2025,364.56,369.7,362.24,363.6,5829121
DIS,27/10/2025,361.6,363.14,355.67,356.55,4935882
DIS,28/10/2025,360.78,365.48,353.66,360.32,5366778
DIS,29/10/2025,362.43,364.57,358.47,362.66,7251139
DIS,30/10/2025,358.79,366.26,356.73,361.72,5325878
DIS,31/10/2025,355.45,365.53,354.5,361.48,5404357
DIS,01/11/2025,362.6,376.22,358.07,369.64,4995438
DIS,02/11/2025,367.22,369.63,361.37,366.99,2086668
DIS,03/11/2025,364.05,374.89,359.57,369.3,2471542
DIS,04/11/2025,376.24,383.82,371.91,379.69,5174695
DIS,05/11/2025,376.9,384.03,366.12,371.05,4722725
DIS,06/11/2025,369.99,376.57,363.08,370.5,7050888
DIS,07/11/2025,364.18,367.57,358.49,358.95,3416145
DIS,08/11/2025,360.1,360.83,353.52,354.29,7084355
DIS,09/11/2025,347.92,360.89,343.24,354.01,2696855
DIS,10/11/2025,350.92,353.05,348.62,349.39,1123059
DIS,11/11/2025,351.69,353.61,349.79,350.64,4491860
DIS,12/11/2025,356.73,363.5,349.22,353.54,8201026
DIS,13/11/2025,347.15,351.5,339.38,343.88,7116617
DIS,14/11/2025,341.26,350.48,339.45,346.63,1946101
DIS,15/11/2025,345.56,349.37,343.42,348.29,1045666
DIS,16/11/2025,344.91,355.21,343.74,349.61,7629135
DIS,17/11/2025,354.6,366.06,351.04,359.91,2104003
DIS,18/11/2025,366.41,368.12,364.72,365.28,2260155
DIS,19/11/2025,370.25,375.03,369.11,371.34,5116840
DOCU,21/10/2025,329.33,331.18,324.47,325.75,4168618
DOCU,22/10/2025,329.08,334.93,321.72,325.58,9880690
DOCU,23/10/2025,327.46,329.6,318.33,324.64,6076887
DOCU,24/10/2025,320.37,324.21,318.97,319,1447359
DOCU,25/10/2025,318.12,318.26,310.1,312.68,6055100
DOCU,26/10/2025,315.19,316.92,314.17,316.1,5620413
DOCU,27/10/2025,319.14,320.98,318.05,319.87,4471838
DOCU,28/10/2025,323.21,325.51,315.97,317.73,9642807
DOCU,29/10/2025,316.51,324.82,313.3,321.47,8783479
DOCU,30/10/2025,318.77,323.84,315.67,316.76,1103550
DOCU,31/10/2025,312.5,314.52,304.34,308.91,4382856
DOCU,01/11/2025,313.18,318.91,311.3,315.63,7188694
DOCU,02/11/2025,309.49,313.9,303.74,304.16,9812551
DOCU,03/11/2025,299.41,310.65,296.97,305.25,3196183
DOCU,04/11/2025,310.48,319.78,308.55,314.23,8633082
DOCU,05/11/2025,317.26,317.45,311.47,312.13,8036031
DOCU,06/11/2025,308.18,313.06,307.55,308.25,7543619
DOCU,07/11/2025,314.41,315.05,312.04,312.38,8030292
DOCU,08/11/2025,312.11,320.4,312.05,317.57,8887532
DOCU,09/11/2025,313.25,321.82,310.68,317.85,5958180
DOCU,10/11/2025,317.08,323.36,312.47,315.49,3888341
DOCU,11/11/2025,314.42,318.78,306.16,309.41,7192615
DOCU,12/11/2025,305.2,306.83,299.91,306.63,5001299
DOCU,13/11/2025,303.77,311.18,300.35,309.45,3304587
DOCU,14/11/2025,314.77,324.26,312.1,318.66,8873494
DOCU,15/11/2025,318.56,323.19,313.62,319.13,2280667
DOCU,16/11/2025,313.94,320.04,303.5,308.23,9993727
DOCU,17/11/2025,307.78,310.15,298.74,302.83,7352420
DOCU,18/11/2025,296.91,303.15,294.45,300.95,6873866
DOCU,19/11/2025,300.1,305.17,294.48,305.1,7155080
EA,21/10/2025,121.92,124.02,119.45,121.39,4580004
EA,22/10/2025,120.75,122.06,120.12,120.36,3386842
EA,23/10/2025,118.1,118.83,117.3,117.94,5122709
EA,24/10/2025,118.42,121.5,117.32,119.58,1793499
EA,25/10/2025,121.98,122,118.19,120.52,4088008
EA,26/10/2025,118.97,118.97,118.18,118.2,3264361
EA,27/10/2025,118.37,120.39,116.74,117.26,6109995
EA,28/10/2025,118.44,118.55,116.19,116.36,8823457
EA,29/10/2025,116.19,117.5,111.8,113.97,1384485
EA,30/10/2025,116.28,118.24,113.86,115.24,5893129
EA,31/10/2025,116.54,119.06,115.54,118.65,3316348
EA,01/11/2025,118.73,119.84,116.14,116.44,3627803
EA,02/11/2025,117.45,120.34,116.24,118.73,1971195
EA,03/11/2025,120.96,122.45,117.87,119.28,1380920
EA,04/11/2025,121.21,123.72,120.46,122.12,2357132
EA,05/11/2025,120.01,121.11,115.79,118.13,6286638
EA,06/11/2025,117.03,117.45,116.15,116.76,7948645
EA,07/11/2025,116.33,117.89,113.98,115.04,2927630
EA,08/11/2025,113.12,114.34,111.06,113.81,4468992
EA,09/11/2025,112.64,114.8,109.61,110.69,1233119
EA,10/11/2025,109.45,112.93,108.09,111.28,6790028
EA,11/11/2025,111.15,111.43,110.02,110.39,3842847
EA,12/11/2025,110.31,111.83,107.85,108.5,4984232
EA,13/11/2025,106.89,108.52,106.71,107.97,2972047
EA,14/11/2025,106.95,110.32,106.75,108.24,4365795
EA,15/11/2025,108.49,110.28,107.96,109.67,6967155
EA,16/11/2025,111.02,112.62,107,109.14,9306907
EA,17/11/2025,107.47,110.13,106.06,108.93,4297217
EA,18/11/2025,110.4,110.64,107.9,109.99,9438069
EA,19/11/2025,112.22,112.73,110.71,112.12,9719727
FB,21/10/2025,184.43,185.53,179.36,181.16,9831791
FB,22/10/2025,182.3,184.63,180.69,181.32,3979812
FB,23/10/2025,177.91,178.5,176.04,176.65,8051869
FB,24/10/2025,177.32,177.32,171.35,173.9,9172905
FB,25/10/2025,176.95,177.48,176.37,176.87,1474077
FB,26/10/2025,179.84,184.39,177.2,180.96,4251051
FB,27/10/2025,177.68,180.68,171.46,174.42,8974253
FB,28/10/2025,174.31,175.8,172.93,174.06,8246359
FB,29/10/2025,176.19,179.15,175.71,176.33,4658553
FB,30/10/2025,179.9,181.05,176.86,178.21,1740194
FB,31/10/2025,179.13,180.9,176.43,178.54,7554548
FB,01/11/2025,179.93,181.91,177.81,180.43,7343200
FB,02/11/2025,177.59,179.46,173.83,174.73,4475494
FB,03/11/2025,177.89,182.27,175.79,178.77,1420531
FB,04/11/2025,177.87,178.43,175.11,177.72,3923201
FB,05/11/2025,176.46,179.13,176.15,177.16,8208581
FB,06/11/2025,179.99,181,176.63,180.34,1513586
FB,07/11/2025,176.82,181.25,173.77,178.4,4859473
FB,08/11/2025,175.98,178.05,173.08,175.61,4297678
FB,09/11/2025,174.75,178.61,174.19,177.89,1255293
FB,10/11/2025,176.17,179.17,173.81,174.14,2978292
FB,11/11/2025,176.94,179.4,173.75,174.9,9025983
FB,12/11/2025,172.91,176.81,170.48,175.69,1725118
FB,13/11/2025,177.46,181.27,176.6,180.83,2733908
FB,14/11/2025,177.31,183.52,176.02,180.33,4538582
FB,15/11/2025,178.37,178.5,175.07,176.84,1740890
FB,16/11/2025,174.13,174.94,170.39,172.77,2121773
FB,17/11/2025,173.02,179.67,169.65,176.27,3744426
FB,18/11/2025,179.28,183,178.7,181.38,5357767
FB,19/11/2025,180.54,181.21,177.99,179.64,2967422
GOOG,21/10/2025,205.08,211.16,201.15,208.34,2085661
GOOG,22/10/2025,210.49,215.18,209.61,213.36,7438384
GOOG,23/10/2025,213.63,214.63,207.19,209.55,9693466
GOOG,24/10/2025,206.77,208.47,205.97,206.43,5503544
GOOG,25/10/2025,203.01,209.08,202.45,206.76,2563630
GOOG,26/10/2025,204.02,208.48,201.47,205.97,8267981
GOOG,27/10/2025,202.06,202.31,200.21,202.12,6143726
GOOG,28/10/2025,205.53,206.72,205.36,206.22,8948278
GOOG,29/10/2025,204.64,206.39,201.92,205.63,5510945
GOOG,30/10/2025,207.01,208.76,202.08,205.01,3100040
GOOG,31/10/2025,204.95,207.41,198.68,201.27,3768937
GOOG,01/11/2025,199.71,203.1,196.46,201.91,1052601
GOOG,02/11/2025,198.28,201.9,192.79,194.44,6094658
GOOG,03/11/2025,196.31,200.92,196.14,198.93,7272457
GOOG,04/11/2025,200.48,203.67,194.95,196.78,7275257
GOOG,05/11/2025,195.38,198.2,194.52,197.52,3572712
GOOG,06/11/2025,195.95,195.97,191.98,192.81,4256327
GOOG,07/11/2025,193.75,196.12,191.68,193.27,5180647
GOOG,08/11/2025,195.96,201.01,192.83,199.75,3341904
GOOG,09/11/2025,200.4,202.13,199.96,200.07,1872573
GOOG,10/11/2025,198.01,200.15,196.71,198.08,7112061
GOOG,11/11/2025,201.58,204.89,200.26,201.8,9514981
GOOG,12/11/2025,205.35,208.6,199.41,202.85,1541705
GOOG,13/11/2025,201.14,202.41,198.11,198.61,4404512
GOOG,14/11/2025,202.52,204.02,200.66,203.38,4065604
GOOG,15/11/2025,205.27,206.74,200.31,203.41,1830707
GOOG,16/11/2025,201.88,206.37,199.46,204.64,7655995
GOOG,17/11/2025,206.64,208.5,204.42,207.87,6713860
GOOG,18/11/2025,204.27,208.06,199.33,200.66,2638069
GOOG,19/11/2025,203.93,208.41,201.25,205.37,9036892
GS,21/10/2025,426.39,430.27,418.79,424.79,3194064
GS,22/10/2025,418.42,422.72,410.69,417.2,3567878
GS,23/10/2025,422.27,422.5,409.99,414.11,5277233
GS,24/10/2025,417.15,425.07,403.48,410.31,7283967
GS,25/10/2025,416.35,420.9,403.04,409.3,4904644
GS,26/10/2025,408.07,408.26,398.1,401.15,8576854
GS,27/10/2025,408.54,415.04,406.24,409.64,5968860
GS,28/10/2025,402.48,406.56,395.69,397.37,3845303
GS,29/10/2025,394.73,406.96,389.41,402.3,2050892
GS,30/10/2025,409.06,417.13,408.59,410.73,4532417
GS,31/10/2025,410.06,410.58,399,404.95,9304729
GS,01/11/2025,405.22,408.01,401.55,407.38,9655434
GS,02/11/2025,413.55,423.78,412.58,420.13,3636342
GS,03/11/2025,413.05,421.77,410.38,421.43,4432003
GS,04/11/2025,425.45,429.78,410.29,418.3,5235125
GS,05/11/2025,424.59,429.28,413.16,416.37,6883409
GS,06/11/2025,414.48,421.24,410.71,416.56,8163908
GS,07/11/2025,419.67,424.79,412.76,415.43,6999772
GS,08/11/2025,409.64,417.31,401.58,415.9,2733941
GS,09/11/2025,423.25,432.83,421.67,425.36,3312250
GS,10/11/2025,432.8,436.28,428.93,430.88,9319291
GS,11/11/2025,439.46,445.51,436.65,441.51,6152228
GS,12/11/2025,435.91,443.18,420.33,427.73,2148215
GS,13/11/2025,423.88,433.1,421.53,430.34,7087007
GS,14/11/2025,423.11,424.97,412.5,420.33,2068679
GS,15/11/2025,418.03,421.07,409.2,416.01,7547703
GS,16/11/2025,421.45,425.47,414.77,424.89,9763651
GS,17/11/2025,418.66,418.81,412.07,415.05,9268834
GS,18/11/2025,414.45,425.04,412.22,420.51,3386520
GS,19/11/2025,426.33,429.54,423.73,424.47,7037169
HD,21/10/2025,288.92,292.95,286.09,289.44,8394332
HD,22/10/2025,293.77,295.98,290.51,292.23,5809718
HD,23/10/2025,287.58,288.24,282.19,283.46,8033935
HD,24/10/2025,287.35,289.93,285.44,286,8774486
HD,25/10/2025,288.37,293.55,280.59,284.88,8170985
HD,26/10/2025,290.68,293.6,286.1,293.21,3630780
HD,27/10/2025,290.59,295.78,282.19,286.2,5912188
HD,28/10/2025,283.95,287.1,276.1,279.4,6515786
HD,29/10/2025,284.27,287.06,280.08,282.32,1267273
HD,30/10/2025,286.01,289.11,275.3,280.85,9115446
HD,31/10/2025,281.77,285.24,278.55,279,4030827
HD,01/11/2025,277.03,284.66,274.7,280.3,6750709
HD,02/11/2025,279.64,283.95,274.59,282.45,7528106
HD,03/11/2025,277.29,283.12,272.2,279.27,7212004
HD,04/11/2025,284.54,288.97,282.77,283.22,9868846
HD,05/11/2025,277.95,285.01,274.02,280.62,3636385
HD,06/11/2025,284.67,287.89,276.04,281.11,2422630
HD,07/11/2025,279.31,279.99,276.97,279.18,1301783
HD,08/11/2025,281.55,287.84,278.51,286.89,1302203
HD,09/11/2025,283.2,285.39,282.82,283.93,6509179
HD,10/11/2025,283.01,284.48,281.6,282.41,1697995
HD,11/11/2025,281.65,285.58,275.21,279.25,8705017
HD,12/11/2025,282.66,293.74,281.69,288.2,3242417
HD,13/11/2025,291.24,299.12,288.12,297.01,9057726
HD,14/11/2025,292.81,294.21,287.52,292.24,6671944
HD,15/11/2025,292.95,296.4,289.81,295.06,9108188
HD,16/11/2025,297.48,299.86,289.55,293,3828682
HD,17/11/2025,297.79,304.81,292.12,300.37,3282477
HD,18/11/2025,294.9,299.49,289.11,289.77,2321432
HD,19/11/2025,292.51,298.85,292.4,295.71,7892026
IBM,21/10/2025,154.18,155.99,150.86,151.84,6163992
IBM,22/10/2025,150.79,154.92,149.39,152.29,4859892
IBM,23/10/2025,151.78,153.17,150.81,151.86,6335451
IBM,24/10/2025,154.75,158.2,152.85,155.96,1948945
IBM,25/10/2025,153.21,154.09,149.49,151.6,3958913
IBM,26/10/2025,152.44,153.13,151.28,152.76,3857653
IBM,27/10/2025,153.56,156.28,149.96,150.82,5144168
IBM,28/10/2025,149.43,149.55,146.45,147.67,9003790
IBM,29/10/2025,150.32,152.6,149.36,151.25,3961957
IBM,30/10/2025,154.02,156.23,149.52,151.72,7392974
IBM,31/10/2025,154.09,156.02,153.93,155.27,2661896
IBM,01/11/2025,153.12,155.39,152.37,153.89,3942039
IBM,02/11/2025,150.9,152.71,148.64,149.45,5433924
IBM,03/11/2025,152.11,154.68,151.03,152.37,4895185
IBM,04/11/2025,151.74,153.18,147.89,150.37,9814715
IBM,05/11/2025,147.78,150.29,143.98,146.8,4674949
IBM,06/11/2025,147.73,149.08,144.56,145.25,4894764
IBM,07/11/2025,144.73,146.35,143.82,144.88,9327869
IBM,08/11/2025,144.55,146.61,144.27,145.51,2073517
IBM,09/11/2025,144.71,147.47,140.42,142.41,8563558
IBM,10/11/2025,144.65,147.02,141.39,144.26,6525808
IBM,11/11/2025,142.92,144.49,142.46,142.82,4657858
IBM,12/11/2025,142.6,143.94,140.02,140.55,6395505
IBM,13/11/2025,140.34,143.15,135.8,138.43,1675426
IBM,14/11/2025,136.01,137.09,132.88,134,7085210
IBM,15/11/2025,132.21,133.85,130.05,132.62,6302176
IBM,16/11/2025,130.9,131,128.04,129.68,4454321
IBM,17/11/2025,129.26,129.7,126.62,127.72,5458403
IBM,18/11/2025,127.17,129.64,126.54,127.55,6106371
IBM,19/11/2025,126.01,127.19,123.92,126.51,2095090
INTC,21/10/2025,467.15,474.77,458.06,464.22,8452606
INTC,22/10/2025,467.9,470.49,453.76,463.01,6388501
INTC,23/10/2025,467.88,470.18,465.63,468.38,6106186
INTC,24/10/2025,474.37,485.42,470.41,477.62,5747218
INTC,25/10/2025,486.96,496.3,481.22,491.59,3670236
INTC,26/10/2025,486.57,498.72,483.26,492.21,8250862
INTC,27/10/2025,496.72,509.32,494.2,501.75,2568864
INTC,28/10/2025,508.28,519.17,500.44,516.48,1052787
INTC,29/10/2025,514.49,525.22,506.6,515.44,4016753
INTC,30/10/2025,520.7,529.43,504.01,513.98,2345346
INTC,31/10/2025,520.66,531.56,515.6,524.69,7380467
INTC,01/11/2025,530.81,540.76,521.2,534.26,8582254
INTC,02/11/2025,528.7,538.31,524.09,537.44,5203923
INTC,03/11/2025,531.34,542.17,526.72,532.96,9456182
INTC,04/11/2025,526.08,533.26,512.83,516.49,8578354
INTC,05/11/2025,511.75,516.91,503.13,515.21,1545848
INTC,06/11/2025,522.01,535.65,515.78,528.99,5387323
INTC,07/11/2025,533.59,538.13,525.18,526.79,4636751
INTC,08/11/2025,527.51,536.55,527.41,529.69,1721646
INTC,09/11/2025,530.49,537.87,515.78,524.99,4847140
INTC,10/11/2025,515.3,521.57,506.31,512.99,9247645
INTC,11/11/2025,517.48,520.46,502,509.71,1974424
INTC,12/11/2025,510.56,520.36,501.2,513.14,2805301
INTC,13/11/2025,512.63,517.88,512.5,514.5,4227812
INTC,14/11/2025,517.55,519.04,509.25,509.92,3589956
INTC,15/11/2025,513.92,516.7,504.44,514.9,9761919
INTC,16/11/2025,509.68,519.53,505.33,507.03,2708109
INTC,17/11/2025,500.57,504.38,498.6,499.59,9453683
INTC,18/11/2025,495.43,509.72,494.07,503.45,3274808
INTC,19/11/2025,494.88,502.52,488.04,499.54,9930237
JPM,21/10/2025,170.22,170.53,169.48,170.25,4492473
JPM,22/10/2025,170.69,176.38,169.14,173.95,5581312
JPM,23/10/2025,171.07,174.79,168.67,171.73,7684345
JPM,24/10/2025,171.11,173.29,168.61,173.2,9677409
JPM,25/10/2025,172.97,176.59,171.2,173.23,8261978
JPM,26/10/2025,173.41,173.9,171.91,172.83,7215114
JPM,27/10/2025,175.54,179.69,173.03,178.96,5555420
JPM,28/10/2025,181.26,184.74,176.3,178.06,9571902
JPM,29/10/2025,180.57,182.24,179.65,180.74,9470738
JPM,30/10/2025,181.69,184.71,178.84,181.13,4283190
JPM,31/10/2025,179.79,182.97,176.93,178.26,9722768
JPM,01/11/2025,178.3,182.68,178.06,181.42,1037832
JPM,02/11/2025,178.31,180.3,175.39,179.64,1573222
JPM,03/11/2025,179.02,181.15,176.43,179.72,7801133
JPM,04/11/2025,181.83,186.08,178.74,183.35,1338467
JPM,05/11/2025,182.89,187.26,182.63,183.86,3925690
JPM,06/11/2025,182.33,186.61,180.13,185.35,3019889
JPM,07/11/2025,185.46,189.17,183.83,187.44,5172879
JPM,08/11/2025,190.56,194.91,190.53,192.72,5973821
JPM,09/11/2025,192.05,194.34,186,188.46,9648366
JPM,10/11/2025,184.82,185.23,181.32,182.71,4834021
JPM,11/11/2025,184.47,188.1,184,186.58,9557396
JPM,12/11/2025,187,187.96,183.65,183.7,4515229
JPM,13/11/2025,181.93,182.95,175.99,178.64,5635966
JPM,14/11/2025,180.18,180.23,177.65,179.89,4570387
JPM,15/11/2025,178.57,181.14,178.19,180.04,2877729
JPM,16/11/2025,183.64,187.1,179.24,180.94,1763011
JPM,17/11/2025,180.62,185.19,178.07,182.6,8298201
JPM,18/11/2025,180.9,184.19,180.18,182.98,5829662
JPM,19/11/2025,180.99,183.08,176.51,178.69,3041396
KO,21/10/2025,233.07,238.98,230.02,235.25,3418650
KO,22/10/2025,231.7,232.2,227.02,228.72,6625666
KO,23/10/2025,224.33,229.68,221.39,225.62,8023636
KO,24/10/2025,222.76,226.72,219.03,221.02,5633209
KO,25/10/2025,217.03,223.78,212.92,219.4,9039094
KO,26/10/2025,223.33,230.39,221.1,226.02,4069227
KO,27/10/2025,230.2,235.64,226.66,231.78,8669980
KO,28/10/2025,233.13,237.74,230.58,234.67,5486622
KO,29/10/2025,239,246.6,235.49,243.18,1712685
KO,30/10/2025,242.15,247.99,238.39,244.94,9782268
KO,31/10/2025,241.21,245.41,236.64,241.8,1493566
KO,01/11/2025,238.37,240.67,234.89,236.58,8747832
KO,02/11/2025,233.62,237.28,228.88,230.36,9885529
KO,03/11/2025,232.41,235.28,231.17,234.92,4966927
KO,04/11/2025,237.94,243.29,233.33,240.32,5920718
KO,05/11/2025,242.6,248.55,239.36,246.91,6264032
KO,06/11/2025,244.38,247.82,240.54,240.93,1277433
KO,07/11/2025,242.1,244.54,236.75,241.54,7695877
KO,08/11/2025,242.23,248.14,241.35,244.15,7983024
KO,09/11/2025,248.27,250.04,246.63,248.88,2378185
KO,10/11/2025,245.99,248.74,241.75,247.28,2025020
KO,11/11/2025,246.24,251.61,241.53,247.15,3488113
KO,12/11/2025,249.08,256.36,245.47,253.44,8600558
KO,13/11/2025,250.35,250.83,244.85,248.65,4235171
KO,14/11/2025,248.84,251.56,241.43,244.26,2005353
KO,15/11/2025,240.46,241.6,234.28,236.6,7193423
KO,16/11/2025,234.79,240.09,233.61,238.92,4670512
KO,17/11/2025,237.08,240.71,229.67,233.1,4285577
KO,18/11/2025,234.98,238.56,233.16,237.79,2729240
KO,19/11/2025,241.2,241.56,235.6,237.75,4179345
LYFT,21/10/2025,264.92,266.51,262.8,266.43,1477191
LYFT,22/10/2025,270.63,270.86,266.71,270.77,6445617
LYFT,23/10/2025,267.82,269.76,262.54,265.04,4620409
LYFT,24/10/2025,270.1,270.12,266.88,267.45,5983956
LYFT,25/10/2025,268.84,270.88,262.31,267.03,9673718
LYFT,26/10/2025,269.29,272.99,264.7,272.4,8220007
LYFT,27/10/2025,269.15,276.46,267.49,271.04,3749100
LYFT,28/10/2025,269.05,275.62,266.66,273.46,2967840
LYFT,29/10/2025,268.29,273.59,265.02,267.55,2111835
LYFT,30/10/2025,267.78,270.76,262.23,265.87,8496416
LYFT,31/10/2025,266.66,273.45,263.71,270.35,2130465
LYFT,01/11/2025,271.78,272.4,262.74,267.74,8432306
LYFT,02/11/2025,270.11,273.53,263.14,265.43,8823245
LYFT,03/11/2025,266.64,271.35,264.63,270.75,6605415
LYFT,04/11/2025,273.23,277.32,272.36,276.55,9782139
LYFT,05/11/2025,280.08,285.37,277.74,279.77,5921996
LYFT,06/11/2025,282.37,285.48,277.46,285.37,9737121
LYFT,07/11/2025,286.41,287.17,283.5,285.53,9213301
LYFT,08/11/2025,286.1,288.81,280.03,282.01,3499107
LYFT,09/11/2025,285.1,285.81,275.39,280.74,9293209
LYFT,10/11/2025,286.21,291.13,277.77,281.5,2439918
LYFT,11/11/2025,280.04,287.67,278.08,283.93,7277038
LYFT,12/11/2025,280.59,284.27,277.21,277.58,7199017
LYFT,13/11/2025,273.66,279.04,265.17,268.97,9530510
LYFT,14/11/2025,271.68,277.67,271.24,275.01,3352909
LYFT,15/11/2025,279.87,281.39,275.99,278.11,8862764
LYFT,16/11/2025,279.58,282.26,274.51,281.98,3017773
LYFT,17/11/2025,283.07,289.55,279.36,284.55,9466644
LYFT,18/11/2025,279.26,285.36,276.2,282.48,6956644
LYFT,19/11/2025,280.48,283.53,271.75,275.13,5927617
MA,21/10/2025,305.8,306.99,297.21,301,5231059
MA,22/10/2025,299.37,304.21,295.11,297.77,6315867
MA,23/10/2025,301.25,305.26,297.1,299.8,1934714
MA,24/10/2025,300.42,305.11,299.69,300.68,9560193
MA,25/10/2025,300.72,301.97,295.36,298.38,9813664
MA,26/10/2025,295.15,295.47,288.8,294.44,6177865
MA,27/10/2025,297.1,304.77,294.38,299.16,1995416
MA,28/10/2025,300.67,306.49,297.11,302.7,3792591
MA,29/10/2025,307.43,308.54,295.64,301.64,4707988
MA,30/10/2025,296.02,301.46,286.68,291.09,8438815
MA,31/10/2025,285.85,295.57,284.77,291.6,4045760
MA,01/11/2025,296.62,302.15,294.35,301.49,7505779
MA,02/11/2025,303.71,306.64,302.96,303.92,8403520
MA,03/11/2025,306.06,306.72,301.85,305.82,7519359
MA,04/11/2025,310.85,316.26,306.6,316.02,7902641
MA,05/11/2025,315.3,318.52,312.85,317.91,2600393
MA,06/11/2025,313.86,316.98,309.38,311.7,8015231
MA,07/11/2025,315.81,319.82,312.67,319.28,1219405
MA,08/11/2025,314.39,316.43,308.37,311.4,9421486
MA,09/11/2025,308.11,316.14,301.96,314.15,2335893
MA,10/11/2025,314.32,325.11,314.28,318.97,4683568
MA,11/11/2025,323.67,329.16,319.39,321.75,2855689
MA,12/11/2025,327.65,334.31,323.07,330.21,7134682
MA,13/11/2025,330.46,336.3,326.88,329.1,4428312
MA,14/11/2025,329.69,335.5,318.2,324.41,8695644
MA,15/11/2025,322.53,327.74,318.76,319.26,2579102
MA,16/11/2025,322.81,324.39,320.99,323.37,9001932
MA,17/11/2025,324.1,327.6,317.83,320.12,7382011
MA,18/11/2025,326.63,333.56,321.38,328.34,3267402
MA,19/11/2025,332.38,333.23,324.54,329.96,9732930
MCD,21/10/2025,156.27,157.67,153.41,153.73,9538526
MCD,22/10/2025,156.26,158.38,155.47,157.95,6214316
MCD,23/10/2025,160,161.89,159.46,160.43,9218922
MCD,24/10/2025,163.49,164.93,162.02,163.29,4907790
MCD,25/10/2025,164.18,168.14,162.45,165.68,1202102
MCD,26/10/2025,168.74,170.04,165.68,165.85,4958185
MCD,27/10/2025,169.21,171.87,166.41,167.42,6965816
MCD,28/10/2025,170.03,174.08,168.53,172.33,3817040
MCD,29/10/2025,172.71,175.58,171.52,173.91,4091008
MCD,30/10/2025,171.22,172.51,167.61,170.01,9996168
MCD,31/10/2025,167.2,170.27,163.93,165.72,1175290
MCD,01/11/2025,167.19,168.75,162.39,165.41,4096137
MCD,02/11/2025,168.05,171,164.74,168.52,5863054
MCD,03/11/2025,165.98,170.09,163.05,166.93,6887865
MCD,04/11/2025,164.86,166.72,162.34,166.59,4165375
MCD,05/11/2025,167.79,169.17,164.43,167.69,2674598
MCD,06/11/2025,170.13,173.33,167.24,171.58,5566536
MCD,07/11/2025,168.23,171.54,163.76,166.91,9021011
MCD,08/11/2025,165.32,167.93,163.75,166.1,7236421
MCD,09/11/2025,168.45,171.76,166.61,169.21,2937978
MCD,10/11/2025,168.63,169.14,165.76,166.35,5956233
MCD,11/11/2025,164.41,168.18,164.37,167.15,2413626
MCD,12/11/2025,165.51,170.2,164.38,168.42,8897436
MCD,13/11/2025,169,173.22,168.92,170.32,3114313
MCD,14/11/2025,167.8,168.83,165.97,168.31,2350789
MCD,15/11/2025,171.45,173.51,170.01,171.76,8820861
MCD,16/11/2025,170.56,173.8,168.66,173.44,4509354
MCD,17/11/2025,172.34,174.97,168,170.29,4544936
MCD,18/11/2025,173.29,173.98,167.18,170.44,5804031
MCD,19/11/2025,170.21,174.7,169.69,173.17,2241135
MSFT,21/10/2025,129.08,133.08,127.93,131.33,7412432
MSFT,22/10/2025,131.08,133.11,130.79,130.87,3657128
MSFT,23/10/2025,128.77,129.7,128.14,129.59,6840247
MSFT,24/10/2025,130.95,133.54,129.68,132.6,7269127
MSFT,25/10/2025,131.75,136.52,130.57,134.16,7229949
MSFT,26/10/2025,134.85,135.27,132.95,134.66,1567635
MSFT,27/10/2025,135.75,137.24,133.33,135.79,9073222
MSFT,28/10/2025,136.9,139.01,133.89,135.44,9811893
MSFT,29/10/2025,137.09,141.11,134.36,139.43,6565392
MSFT,30/10/2025,140.45,141.46,138.96,139.75,5404576
MSFT,31/10/2025,137.65,141.55,137.1,140.15,8148957
MSFT,01/11/2025,142.52,144.12,137.88,140.54,7808758
MSFT,02/11/2025,140.57,142.59,137.92,140.33,3926562
MSFT,03/11/2025,137.85,139.52,133.89,135.19,1458385
MSFT,04/11/2025,135.88,136.87,133.46,136.6,5302135
MSFT,05/11/2025,135.15,137.21,132.47,134.01,9109730
MSFT,06/11/2025,134.5,137.04,132.39,135.19,1459900
MSFT,07/11/2025,133.85,135.24,131.63,134.98,3312336
MSFT,08/11/2025,135.34,138.51,135.26,137.69,6087832
MSFT,09/11/2025,137.18,139.35,134.98,138.69,7006865
MSFT,10/11/2025,136.97,138.75,132.69,135.25,3182458
MSFT,11/11/2025,136.59,139.21,134.3,134.56,9601585
MSFT,12/11/2025,136.2,138.45,135.11,135.34,2513612
MSFT,13/11/2025,133.83,136.53,133.82,134.93,1142260
MSFT,14/11/2025,136.98,137.52,132.38,134.58,1923100
MSFT,15/11/2025,136.96,138.73,136.06,137.08,8588518
MSFT,16/11/2025,138.87,141.81,137.04,140.43,6597691
MSFT,17/11/2025,140.98,144.85,138.97,143.01,7961024
MSFT,18/11/2025,145.33,148.91,144.46,148.19,7205045
MSFT,19/11/2025,146,150.68,143.46,147.83,1837123
NFLX,21/10/2025,152.85,155.52,149.46,151.6,6917221
NFLX,22/10/2025,153.89,155.8,150.88,151.47,6306120
NFLX,23/10/2025,150.23,151.16,148.55,148.66,7134933
NFLX,24/10/2025,149.61,153.21,147.38,151.08,5176315
NFLX,25/10/2025,150.56,151.87,148.22,151.7,3233540
NFLX,26/10/2025,151.56,152.63,149,149.62,6189899
NFLX,27/10/2025,149.43,152.34,147.34,150.16,4705439
NFLX,28/10/2025,151.27,153.24,148.55,148.74,2150426
NFLX,29/10/2025,149.81,150.86,146.17,148.74,7907146
NFLX,30/10/2025,146.4,149.18,144.62,147.46,3381900
NFLX,31/10/2025,145.83,146.9,141.62,143.76,3700349
NFLX,01/11/2025,144.75,149.75,143.16,147.67,3935017
NFLX,02/11/2025,147.16,150.72,145.71,148.86,2768029
NFLX,03/11/2025,148.22,149.11,146,148.35,1281635
NFLX,04/11/2025,148.59,148.77,146.93,148.54,3879336
NFLX,05/11/2025,149.06,149.57,146.93,148.24,3109835
NFLX,06/11/2025,145.43,147.73,141.05,142.7,2036172
NFLX,07/11/2025,143.02,144.22,140.75,141.75,5091552
NFLX,08/11/2025,142.36,143.18,139.8,140.31,3100648
NFLX,09/11/2025,137.62,139.44,133.13,134.94,9996075
NFLX,10/11/2025,132.87,134.71,132.14,134.43,6733905
NFLX,11/11/2025,136.02,138.36,135.37,137.99,3328987
NFLX,12/11/2025,136.99,141.97,134.75,139.26,5601440
NFLX,13/11/2025,141.7,144.29,136.52,139.19,9049368
NFLX,14/11/2025,138.61,139.34,135.34,136.44,1124907
NFLX,15/11/2025,137.41,139.72,135.21,135.31,7832403
NFLX,16/11/2025,132.82,134.67,131.49,133.17,1586224
NFLX,17/11/2025,134.14,137.72,132.14,135.95,2291405
NFLX,18/11/2025,134.27,136.03,130.35,131.65,8598996
NFLX,19/11/2025,129.35,131.33,127.5,130.78,1320159
NKE,21/10/2025,233.08,236.47,229.97,235.92,9212964
NKE,22/10/2025,238.06,238.26,235.54,236.78,7913750
NKE,23/10/2025,232.64,233.23,226.74,230.43,2636858
NKE,24/10/2025,226.71,231.21,218.91,223.32,5069390
NKE,25/10/2025,220.46,221.07,214.71,218.82,1915755
NKE,26/10/2025,219.03,221.22,213.82,215.45,4553063
NKE,27/10/2025,211.58,212.84,209.39,209.48,4256692
NKE,28/10/2025,206.9,209.04,204.24,206.63,2798396
NKE,29/10/2025,210.74,211.23,209.31,210.28,2066365
NKE,30/10/2025,211.81,213.96,210.69,211.43,3443100
NKE,31/10/2025,208.41,213.41,206.81,209.5,8404996
NKE,01/11/2025,207.75,212.15,206.54,208.27,2625470
NKE,02/11/2025,210.08,215.67,206.6,213.54,8376618
NKE,03/11/2025,216.63,223.59,215.8,220.27,3921987
NKE,04/11/2025,220.95,222.86,218.13,219.61,7917918
NKE,05/11/2025,217.15,221,214.71,216.07,6681092
NKE,06/11/2025,212.08,218.5,208.94,215.38,1503308
NKE,07/11/2025,218.74,223.89,214.67,221.75,8017704
NKE,08/11/2025,218.53,224.08,217.92,222.85,4851666
NKE,09/11/2025,219.15,222.28,216.13,221.33,4958054
NKE,10/11/2025,220.48,223.92,216.73,221.28,4411321
NKE,11/11/2025,217.88,219.3,216.8,218.71,2209716
NKE,12/11/2025,218.82,221.68,214.68,218.99,5551627
NKE,13/11/2025,218.62,223.35,218.14,222.04,8424520
NKE,14/11/2025,222.43,226.91,221.44,224.29,3278833
NKE,15/11/2025,224.51,228.57,221.92,222.11,8380643
NKE,16/11/2025,222.82,226.95,216.21,220.48,3369625
NKE,17/11/2025,219.5,223.31,214.71,217.37,5277638
NKE,18/11/2025,218.52,220.51,215.25,216.49,4139867
NKE,19/11/2025,217.98,220.43,213.7,217.23,5575115
NVDA,21/10/2025,382.63,389.14,370.32,377.21,6382320
NVDA,22/10/2025,369.92,378.73,367.92,374.27,6236467
NVDA,23/10/2025,369.13,372.98,366.77,370.27,6975370
NVDA,24/10/2025,376.43,384.46,375.98,379.55,9121266
NVDA,25/10/2025,385.34,394.45,379.4,392.17,1448849
NVDA,26/10/2025,393.7,401.47,391.61,396.23,8974534
NVDA,27/10/2025,394.85,409.31,389.84,402.29,4168759
NVDA,28/10/2025,407.57,416.31,407.46,413.38,1307958
NVDA,29/10/2025,420.86,429.03,420.61,425.07,8909809
NVDA,30/10/2025,417.29,421.14,416.4,416.59,8728710
NVDA,31/10/2025,423.01,428.09,419.59,427.26,1877733
NVDA,01/11/2025,435.69,450.79,430.98,442.09,4163121
NVDA,02/11/2025,439.41,442.74,436.08,440.85,1783538
NVDA,03/11/2025,446.23,453.82,441.22,451.34,8351950
NVDA,04/11/2025,453.27,459.17,441.38,449.76,1809070
NVDA,05/11/2025,449.27,457.62,446.34,448.95,6277491
NVDA,06/11/2025,449.44,453.88,444.95,453.09,6480523
NVDA,07/11/2025,455.77,464.68,447.83,453.43,2683451
NVDA,08/11/2025,458.57,472.52,454.18,466.91,2670099
NVDA,09/11/2025,469.88,475.76,462.5,469.13,6250785
NVDA,10/11/2025,466.57,477.91,460.92,470.22,3398240
NVDA,11/11/2025,461.74,461.75,458.58,460.15,2257290
NVDA,12/11/2025,454.18,462.15,451.37,451.59,9748191
NVDA,13/11/2025,455.49,463.09,447.3,456.5,3432490
NVDA,14/11/2025,457.55,464.91,457.03,457.82,5192509
NVDA,15/11/2025,450.79,458.56,443.45,444.09,2432403
NVDA,16/11/2025,448.36,454.4,443.51,447.88,8646254
NVDA,17/11/2025,448.75,453.54,439.21,442.12,6362032
NVDA,18/11/2025,437.8,449.31,430.95,442.64,6873153
NVDA,19/11/2025,441.66,442.22,435.42,440.99,1760289
ORCL,21/10/2025,195.45,197.13,194.38,194.8,5331613
ORCL,22/10/2025,194.46,197.32,192.05,196.27,2491282
ORCL,23/10/2025,194.86,195.7,190.74,192.92,6230503
ORCL,24/10/2025,195.5,199.55,195.26,195.65,6228016
ORCL,25/10/2025,197.75,201.45,192.82,196.11,9884511
ORCL,26/10/2025,193.84,198.16,190.87,195.94,2941057
ORCL,27/10/2025,198.28,201.18,193.33,194.45,2299310
ORCL,28/10/2025,195.54,197.14,190.08,193.57,4018090
ORCL,29/10/2025,192.02,194.51,189.64,189.86,8678362
ORCL,30/10/2025,191.97,194.94,189.69,189.86,5708379
ORCL,31/10/2025,188.67,190.69,182.54,185.58,6753682
ORCL,01/11/2025,185.03,189.32,182.94,185.67,4905582
ORCL,02/11/2025,187.15,190.04,181.52,183.87,7538073
ORCL,03/11/2025,185,189.03,183.64,188.33,5402517
ORCL,04/11/2025,187.65,189.11,184.36,188.78,7782220
ORCL,05/11/2025,187.92,194.8,187.87,191.17,6864210
ORCL,06/11/2025,188.94,189.23,184.55,186.45,6666879
ORCL,07/11/2025,186.21,187.42,183.63,186.38,1951318
ORCL,08/11/2025,189.18,191.94,184.2,186.82,6713380
ORCL,09/11/2025,186.62,188.23,181.47,185.1,2967437
ORCL,10/11/2025,182.13,186.14,180.22,184.45,4794046
ORCL,11/11/2025,183.69,186.28,180.47,181.33,6133601
ORCL,12/11/2025,180.49,185.24,177.08,182.28,9806136
ORCL,13/11/2025,178.85,180.08,178.12,178.85,3567328
ORCL,14/11/2025,178.65,181.71,175.55,179.19,2546604
ORCL,15/11/2025,181.76,183.9,176.6,179.29,2197172
ORCL,16/11/2025,181.03,186.21,179.13,184.12,5077282
ORCL,17/11/2025,181.96,184.74,177.01,180.52,1891719
ORCL,18/11/2025,182.79,184.69,179.09,181.5,1215817
ORCL,19/11/2025,184.89,186.64,183.44,183.52,9268318
PEP,21/10/2025,310.23,315.17,309.43,310.38,5407421
PEP,22/10/2025,313.71,319.3,311.25,314.38,8363932
PEP,23/10/2025,312.68,318.3,309.73,312.85,4422878
PEP,24/10/2025,307.72,316.42,305.64,311.34,9684442
PEP,25/10/2025,309.81,313.16,306.38,311.46,5948372
PEP,26/10/2025,317.09,322.07,313.55,320.98,8657534
PEP,27/10/2025,317.38,325.21,313.38,319.17,5226316
PEP,28/10/2025,318.08,320.16,312.2,315.25,4339942
PEP,29/10/2025,319.53,324.94,318.51,321.09,9198409
PEP,30/10/2025,321.14,324.6,314.77,324.31,3634026
PEP,31/10/2025,330.44,333.54,327.87,332.35,4385897
PEP,01/11/2025,328.61,334.83,326.16,331.49,4589805
PEP,02/11/2025,335,345.22,330.23,339.46,1782758
PEP,03/11/2025,336.31,342.41,330.02,331.84,3370511
PEP,04/11/2025,329.24,332.59,328.84,330.06,3956039
PEP,05/11/2025,333.9,344.53,329.17,337.85,9202310
PEP,06/11/2025,336.02,341.07,330.28,330.96,2547858
PEP,07/11/2025,334.31,342.75,327.66,340.34,9664313
PEP,08/11/2025,338.02,344.53,335.79,342.93,5026880
PEP,09/11/2025,342.66,344.77,338.37,338.51,1169452
PEP,10/11/2025,335.35,339.78,331.09,334.58,9945050
PEP,11/11/2025,329.65,330.08,323.88,326.62,5189385
PEP,12/11/2025,327.99,331.06,320.19,324.58,2405892
PEP,13/11/2025,319.91,323.72,312.78,314.85,5604852
PEP,14/11/2025,311.66,320.37,311.16,314.96,3564667
PEP,15/11/2025,310.75,315.78,306.18,314.27,8128490
PEP,16/11/2025,317.01,321.35,313.07,313.33,1852432
PEP,17/11/2025,315.95,328.07,309.7,321.85,4130062
PEP,18/11/2025,321.25,325.91,318.4,319.17,9438469
PEP,19/11/2025,315.3,319.79,309.45,317.9,4523834
PFE,21/10/2025,363.67,369.15,354.18,357.85,5607503
PFE,22/10/2025,357.29,361.13,356,360.29,5746513
PFE,23/10/2025,359.97,364.19,354.78,356.03,9934063
PFE,24/10/2025,362.96,373.57,356.42,370.36,4627702
PFE,25/10/2025,374.19,376.36,370.3,376.33,4184808
PFE,26/10/2025,369.1,376.37,363.77,370.36,7206285
PFE,27/10/2025,366.69,375.12,359.91,368.33,2149581
PFE,28/10/2025,370.92,374.04,368.84,368.96,1396607
PFE,29/10/2025,375.12,376.96,374.44,374.48,2760516
PFE,30/10/2025,373.24,378,365.3,370.5,9344403
PFE,31/10/2025,374.84,380.14,365.57,369.12,8242735
PFE,01/11/2025,370.25,372.74,362.32,366.36,2004528
PFE,02/11/2025,368.35,375.23,354.65,361.81,8660203
PFE,03/11/2025,356.26,367.24,350.45,361.84,4556024
PFE,04/11/2025,359.43,370.21,356.16,366.73,4601417
PFE,05/11/2025,373.58,386.82,367.9,380.89,6743386
PFE,06/11/2025,382.65,386.12,372.76,379.9,9612609
PFE,07/11/2025,374.83,380.17,364,369.12,4740424
PFE,08/11/2025,373.62,379.55,369.39,374.65,8790640
PFE,09/11/2025,379.87,385.55,375.02,382.57,4746985
PFE,10/11/2025,381.71,385,376.75,382.48,5645570
PFE,11/11/2025,387.3,390.17,381.98,389.97,6429950
PFE,12/11/2025,382.42,387.28,382.11,385.57,7014239
PFE,13/11/2025,391.25,401.24,390.92,398.15,8170980
PFE,14/11/2025,404.53,409.9,396.66,407.29,5760858
PFE,15/11/2025,414.03,424.8,412.77,419.98,9451078
PFE,16/11/2025,426.26,434.78,417.9,420.81,4647417
PFE,17/11/2025,415.96,418.99,412.58,417.03,8841573
PFE,18/11/2025,419.81,422.61,418.49,418.82,8174009
PFE,19/11/2025,423.69,428.05,420.91,427.37,5057355
PYPL,21/10/2025,372.67,382.06,367.48,376.58,8016058
PYPL,22/10/2025,371.65,381.81,366.73,376.68,5660804
PYPL,23/10/2025,369.6,372.15,361.12,362.71,8598466
PYPL,24/10/2025,357.57,363.6,356.18,358.18,5351431
PYPL,25/10/2025,354.49,357.56,345.01,349.61,7350671
PYPL,26/10/2025,348.42,353.57,341.86,343.79,7029271
PYPL,27/10/2025,337.22,342.13,333.32,334.92,1001536
PYPL,28/10/2025,338.03,341.62,325.63,331.49,1196591
PYPL,29/10/2025,334.95,339.52,326.87,331.88,5292960
PYPL,30/10/2025,336.36,342.88,333.13,340.46,5383030
PYPL,31/10/2025,334.51,339.23,327.59,332.66,4236536
PYPL,01/11/2025,331.68,341.54,325.71,335.74,8432314
PYPL,02/11/2025,333.1,345.1,327.07,338.71,3760178
PYPL,03/11/2025,344.93,350.84,339.66,343.56,8880707
PYPL,04/11/2025,344.53,348.5,341.55,342.45,5473547
PYPL,05/11/2025,349.24,351.57,347.7,349.06,8458064
PYPL,06/11/2025,353.51,359.39,352.07,357.32,5297066
PYPL,07/11/2025,352.18,354.38,342.22,348.92,9745165
PYPL,08/11/2025,346.95,348.53,336.99,340.33,8922262
PYPL,09/11/2025,345.84,351.71,335.75,341.57,5460408
PYPL,10/11/2025,344.56,345.55,340.11,340.84,6989622
PYPL,11/11/2025,344.19,349.35,339.89,348.17,8995495
PYPL,12/11/2025,349.23,354.67,341.94,345.76,6214248
PYPL,13/11/2025,350.21,358.11,346.01,352.46,6814043
PYPL,14/11/2025,357.67,358.07,351.3,352.95,2029630
PYPL,15/11/2025,353.74,357.09,343.17,347.66,9120738
PYPL,16/11/2025,353.08,357.49,352.31,355.9,1287306
PYPL,17/11/2025,355.82,360.4,349.43,350.95,8574159
PYPL,18/11/2025,351.41,359.75,345.22,358.5,7639748
PYPL,19/11/2025,360.99,361.65,353.67,360.49,2939633
QCOM,21/10/2025,127.6,129.9,124.92,126.43,9914571
QCOM,22/10/2025,126.59,128.87,123.84,126.28,5843699
QCOM,23/10/2025,128.19,130.37,126.4,130.26,8324283
QCOM,24/10/2025,131.07,132.59,130.94,132.22,8917808
QCOM,25/10/2025,130.96,131.66,127.41,129.99,6920655
QCOM,26/10/2025,129.83,132.06,129.66,130.33,1720899
QCOM,27/10/2025,129.58,133.91,128.64,131.96,4478296
QCOM,28/10/2025,133.54,135.58,131.46,133.08,8469782
QCOM,29/10/2025,134.53,135.66,131.76,132.48,3563872
QCOM,30/10/2025,130.59,130.94,128.05,130.46,2397818
QCOM,31/10/2025,132.4,133.04,131.09,131.46,3727244
QCOM,01/11/2025,132.87,134.07,129.77,131.64,5419623
QCOM,02/11/2025,132.51,133.9,132.38,133.73,7180515
QCOM,03/11/2025,132.95,134.15,131.03,131.13,8687053
QCOM,04/11/2025,132.65,135.07,130.64,132.14,2046543
QCOM,05/11/2025,129.72,132.75,129.37,130.71,3491887
QCOM,06/11/2025,129.97,133.29,128.64,131.53,2340942
QCOM,07/11/2025,131.59,133.83,129.19,131.27,6384273
QCOM,08/11/2025,131.54,136.07,131.49,133.89,7368406
QCOM,09/11/2025,133.94,135.83,133.02,134.69,4961767
QCOM,10/11/2025,134.55,136.91,131.19,133.38,1547954
QCOM,11/11/2025,133.06,134.14,129.49,131.78,4667584
QCOM,12/11/2025,132.06,133.71,131.69,132.55,7589951
QCOM,13/11/2025,132.69,133.85,131.58,133.56,7496107
QCOM,14/11/2025,134.25,136.06,134.07,135.22,9569030
QCOM,15/11/2025,137.87,138.25,135.31,138.16,8722463
QCOM,16/11/2025,138.39,138.52,137.2,137.49,9792215
QCOM,17/11/2025,135.06,135.72,132.66,133.88,6398492
QCOM,18/11/2025,132.11,135.73,131.82,134.52,3025060
QCOM,19/11/2025,135.09,137.73,133.76,137.65,4588850
ROKU,21/10/2025,196.2,199.14,192.49,196.25,9094333
ROKU,22/10/2025,192.93,196.18,191.46,191.99,7017546
ROKU,23/10/2025,194.01,194.57,192.35,193.41,9900477
ROKU,24/10/2025,192.6,194.51,186.41,188.85,5870495
ROKU,25/10/2025,190.96,192.03,185.52,187.59,3053693
ROKU,26/10/2025,187,189.88,185.7,186.94,8899157
ROKU,27/10/2025,184.38,189.05,183.02,186.46,7942881
ROKU,28/10/2025,185.57,188.36,181.76,185.14,6852324
ROKU,29/10/2025,186.02,190.73,182.67,187.84,7759728
ROKU,30/10/2025,188.76,189.25,185.27,188.77,3965573
ROKU,31/10/2025,185.99,188.35,182.86,185.98,3021224
ROKU,01/11/2025,184.4,187,181.83,186.09,4807326
ROKU,02/11/2025,185.4,188.21,182.35,187.93,5262795
ROKU,03/11/2025,188.95,195.02,186.06,192.2,7000532
ROKU,04/11/2025,189.78,193.42,186.63,190.18,8275361
ROKU,05/11/2025,190.42,192.13,188.11,191.02,1528708
ROKU,06/11/2025,190.99,192.07,188.82,188.83,1753446
ROKU,07/11/2025,190.85,193.38,189.47,190.55,4263042
ROKU,08/11/2025,188.99,191.04,185.59,190.98,3717782
ROKU,09/11/2025,194.69,196.72,190.39,192.45,5949878
ROKU,10/11/2025,194.16,195.53,190.24,191.49,7383413
ROKU,11/11/2025,189.26,191.04,185.02,187.14,3599788
ROKU,12/11/2025,188.78,191.54,184.3,185.89,2549059
ROKU,13/11/2025,182.54,188.16,182.52,185.4,2859498
ROKU,14/11/2025,183.25,184.98,183.18,183.8,7109141
ROKU,15/11/2025,186.49,189.57,183.18,185.78,1673349
ROKU,16/11/2025,185.97,188.79,182.92,187.27,4865637
ROKU,17/11/2025,184.41,185.06,178.86,182.14,1963161
ROKU,18/11/2025,184.52,190.09,181.97,187.35,9474366
ROKU,19/11/2025,186.64,189.42,184.04,184.32,6462084
SHOP,21/10/2025,181.79,187.83,181.74,185.33,8671970
SHOP,22/10/2025,186.67,187.01,183.42,186.82,9812950
SHOP,23/10/2025,190.05,191.18,185.82,188.98,5411958
SHOP,24/10/2025,187.1,188.8,185.42,185.57,9647402
SHOP,25/10/2025,186.59,187.73,183.18,184.15,3599746
SHOP,26/10/2025,180.54,187.19,179.36,183.86,4228873
SHOP,27/10/2025,181.64,184.62,180.01,181.49,4876360
SHOP,28/10/2025,184.61,191.22,182.37,187.5,4471535
SHOP,29/10/2025,187.06,189.63,183.88,185.43,6671611
SHOP,30/10/2025,182.45,185.87,181.17,182.64,7518608
SHOP,31/10/2025,184.86,189.54,181.84,188.02,8032531
SHOP,01/11/2025,189.94,193.59,188.73,189.04,1610295
SHOP,02/11/2025,187.15,189.78,186.99,188.89,4128502
SHOP,03/11/2025,187.52,194.13,184.79,190.91,7872596
SHOP,04/11/2025,191.37,197.29,190.91,194.23,7771578
SHOP,05/11/2025,195.8,199.31,194.4,197,5829845
SHOP,06/11/2025,195.5,195.63,189.62,192.51,9030231
SHOP,07/11/2025,190.49,194.27,187.9,193.59,6190990
SHOP,08/11/2025,193.41,197.86,192.33,195.47,2790627
SHOP,09/11/2025,195.96,199.92,194.7,199.26,4168695
SHOP,10/11/2025,201.84,201.96,194.57,198.46,2960482
SHOP,11/11/2025,198.18,203.23,194.55,200.05,8525657
SHOP,12/11/2025,198.52,200.24,195.43,198.91,3681033
SHOP,13/11/2025,199.28,202.68,193.56,195.77,3562878
SHOP,14/11/2025,193.07,199.85,191.6,196.53,1364378
SHOP,15/11/2025,199.83,200.49,196.57,199.85,8467170
SHOP,16/11/2025,202.2,204.7,198.6,203.43,7367795
SHOP,17/11/2025,205.85,205.87,200.27,203.37,8070417
SHOP,18/11/2025,204.41,207.48,201.79,203.95,9952018
SHOP,19/11/2025,203.79,207.79,198.98,200.11,3353887
SPOT,21/10/2025,293.22,295,290,291.97,3289672
SPOT,22/10/2025,293.36,297.6,292.81,293.41,2731121
SPOT,23/10/2025,298.1,303.06,292.51,301.25,2059361
SPOT,24/10/2025,299.79,304.37,294.53,301.08,4328270
SPOT,25/10/2025,299.38,301.07,295.63,297.34,8308369
SPOT,26/10/2025,299.68,300.11,291.24,296.76,7026901
SPOT,27/10/2025,294.14,299.1,291.38,296.76,7179888
SPOT,28/10/2025,299.41,301.01,290.26,295.82,3046945
SPOT,29/10/2025,301.27,304.76,291.1,295.86,1345941
SPOT,30/10/2025,292.85,298.93,290.41,297.19,9536013
SPOT,31/10/2025,291.99,300.85,289.42,296.13,2392978
SPOT,01/11/2025,300.38,305.09,300.18,302.28,8983215
SPOT,02/11/2025,306.78,314.17,304.98,310.57,2680948
SPOT,03/11/2025,308.14,313.24,300.96,304.49,8194288
SPOT,04/11/2025,299.3,305.26,292.61,297.42,7080712
SPOT,05/11/2025,297.42,306.22,295.89,302.3,1623183
SPOT,06/11/2025,296.96,301.35,292.54,300.44,9441275
SPOT,07/11/2025,306.13,308.15,303.34,305.75,7123308
SPOT,08/11/2025,300.15,305.92,298.9,304.21,7931196
SPOT,09/11/2025,306.06,315.37,303.52,312.16,8129997
SPOT,10/11/2025,308.94,317.94,307.96,314.46,4289609
SPOT,11/11/2025,309.07,316.31,308.17,312.44,1887483
SPOT,12/11/2025,310.06,314.37,303.96,311.63,6740305
SPOT,13/11/2025,312.59,317.5,309.47,314.9,2838508
SPOT,14/11/2025,314.65,325.64,308.36,320.57,1910209
SPOT,15/11/2025,321.08,329.83,318.46,326.02,1899984
SPOT,16/11/2025,324.12,331.43,320.28,325.27,5813055
SPOT,17/11/2025,330.58,333.78,328.61,331.57,4212329
SPOT,18/11/2025,325.19,331.66,320.56,329.44,6622291
SPOT,19/11/2025,334.58,338.28,323.78,329.17,7943598
SQ,21/10/2025,211.6,215.11,206.44,209,3527399
SQ,22/10/2025,210.72,215.84,209.94,212.09,6071551
SQ,23/10/2025,213.86,218.18,211.44,216.93,3695805
SQ,24/10/2025,214.91,221.1,214.21,218.6,5283924
SQ,25/10/2025,217.09,219.34,211,212.88,2695212
SQ,26/10/2025,209.39,211.51,206.55,210.98,4166899
SQ,27/10/2025,209.55,210.81,206.81,207.32,8753623
SQ,28/10/2025,203.4,207.39,196.96,200.65,8106898
SQ,29/10/2025,202.43,205.58,195.4,199.33,5868481
SQ,30/10/2025,200.68,204.42,199.54,200.63,8785693
SQ,31/10/2025,203.32,209.58,199.73,207.33,7657559
SQ,01/11/2025,206.62,209.74,202.72,208.42,5436510
SQ,02/11/2025,205.63,206.5,201.81,201.82,8130159
SQ,03/11/2025,205.05,210.59,202.79,206.55,1234236
SQ,04/11/2025,208.11,208.13,204.83,206.87,9888781
SQ,05/11/2025,209.91,211.93,205.5,206.98,6819157
SQ,06/11/2025,205.91,212.26,203.55,209.52,3675561
SQ,07/11/2025,212.09,214.27,209.32,213.93,2665285
SQ,08/11/2025,209.86,212.16,209.76,211.14,1900855
SQ,09/11/2025,215.26,216.09,212.73,213.51,2187134
SQ,10/11/2025,212.02,220.35,210.19,216.28,9975297
SQ,11/11/2025,216.45,216.7,210.91,214.6,1984279
SQ,12/11/2025,211.73,211.97,207.24,209.74,4228635
SQ,13/11/2025,206.29,212.41,203.74,209.98,8043746
SQ,14/11/2025,213.95,214.82,209.31,210.91,4419814
SQ,15/11/2025,213.29,217.31,209.51,211.82,1627629
SQ,16/11/2025,208.1,209.53,202.96,204.11,2802225
SQ,17/11/2025,204.51,208.25,201.31,206.9,6417663
SQ,18/11/2025,211.09,213.62,209.83,213.26,5875607
SQ,19/11/2025,209.91,211.56,206.52,206.9,5900714
TGT,21/10/2025,244.77,250.7,242.97,247.8,1892679
TGT,22/10/2025,246.15,250.23,243.54,245.82,4963322
TGT,23/10/2025,245.28,248.53,239.06,242.8,2084126
TGT,24/10/2025,238.1,241.25,236.92,239.07,3979126
TGT,25/10/2025,241.92,244.12,239.44,241,5255331
TGT,26/10/2025,237.7,239.94,233.2,238.23,4532646
TGT,27/10/2025,239.33,247.87,238.92,243.11,8444726
TGT,28/10/2025,245.74,248.45,241.56,242.83,6233785
TGT,29/10/2025,238.14,243.17,236.65,241.75,8067882
TGT,30/10/2025,237.59,242.29,235.4,242.14,4776254
TGT,31/10/2025,243.1,245.07,239.66,243.32,9346060
TGT,01/11/2025,247.92,253.47,243.65,251.07,2548543
TGT,02/11/2025,253.32,258.95,253.1,254.59,9480034
TGT,03/11/2025,249.66,252.21,246.1,249.85,7900724
TGT,04/11/2025,249.77,250.43,244.34,245.31,5160966
TGT,05/11/2025,246.07,251.2,244.97,247.65,1599451
TGT,06/11/2025,244.26,244.78,236.69,240.73,9861291
TGT,07/11/2025,244.23,244.47,242.15,244.15,6607760
TGT,08/11/2025,245.29,253.41,244.71,249.02,6775597
TGT,09/11/2025,245.79,249.18,242.56,247.64,2447204
TGT,10/11/2025,248.08,250.67,241.78,243.97,6159268
TGT,11/11/2025,239.93,246.86,237.93,243.95,1036933
TGT,12/11/2025,243.21,250.17,240.57,246.26,3936978
TGT,13/11/2025,247.57,252.34,245.52,246.01,9257174
TGT,14/11/2025,246.5,248.22,242.33,244.98,9145817
TGT,15/11/2025,245.62,247.65,241.15,244.69,6106283
TGT,16/11/2025,249.01,254.83,245.22,253.74,4105462
TGT,17/11/2025,257.12,261.91,250.67,255.74,6418886
TGT,18/11/2025,255.34,256.41,252.14,253.69,7102746
TGT,19/11/2025,250.8,255.06,249.83,254.36,8599677
TSLA,21/10/2025,451.06,453.47,450.48,451.28,9062425
TSLA,22/10/2025,444.18,448.07,437.98,438.8,8271262
TSLA,23/10/2025,441.35,448.33,435.4,444.23,3979392
TSLA,24/10/2025,446.23,453.51,438.1,445.04,4303014
TSLA,25/10/2025,445.33,448.65,440.81,440.9,9060500
TSLA,26/10/2025,449.45,464.42,446.84,457.53,4898992
TSLA,27/10/2025,455.26,457.09,442.58,450.96,1580513
TSLA,28/10/2025,457.32,458.24,446.49,453.76,4570710
TSLA,29/10/2025,447.1,453.53,439.46,441.67,6682137
TSLA,30/10/2025,446.9,451.1,440.29,444.04,1096104
TSLA,31/10/2025,448.65,458.67,447.93,451.4,2037539
TSLA,01/11/2025,447.99,455.6,443.45,443.88,6644789
TSLA,02/11/2025,443.73,448.76,433.12,438.06,4496229
TSLA,03/11/2025,437.81,445.14,437.5,441.28,5749114
TSLA,04/11/2025,447.54,458.34,441.84,451.26,3660402
TSLA,05/11/2025,458.76,465.89,449.53,455.57,8083164
TSLA,06/11/2025,461.66,466.82,456.06,460.48,3544075
TSLA,07/11/2025,460.45,473.19,460.27,469.54,8609939
TSLA,08/11/2025,468.62,479.88,467.9,477.76,9116501
TSLA,09/11/2025,469.43,478.26,461.85,471.66,3038832
TSLA,10/11/2025,466.75,475.51,457.82,469.75,9327575
TSLA,11/11/2025,467.27,478.04,467.21,475.7,2724012
TSLA,12/11/2025,483,483.77,466.77,475,9034271
TSLA,13/11/2025,470.03,475.2,465.41,468.61,7097370
TSLA,14/11/2025,472.32,481.24,466.83,473.26,3952416
TSLA,15/11/2025,464.79,470.12,451.02,458.14,2853981
TSLA,16/11/2025,453.15,460.27,447.32,452.43,6349891
TSLA,17/11/2025,443.89,453.01,435.67,444.38,4565804
TSLA,18/11/2025,450.19,458.59,441.8,449.28,1781152
TSLA,19/11/2025,451.4,460.82,445.86,454.52,8947131
TXN,21/10/2025,147.01,148.96,143.96,144.17,5877429
TXN,22/10/2025,141.66,144.96,138.98,144.54,8089925
TXN,23/10/2025,143.56,145.52,140.78,144.13,5156272
TXN,24/10/2025,141.47,142.79,138.62,138.83,4378192
TXN,25/10/2025,141.5,144.58,138.79,144.34,6630642
TXN,26/10/2025,143.07,144.53,140.45,142.41,9855066
TXN,27/10/2025,144.94,146.52,142.59,145.35,1320878
TXN,28/10/2025,143.25,144.15,141.98,142.69,2101515
TXN,29/10/2025,143.15,143.83,142.41,143.53,7234769
TXN,30/10/2025,143.56,145.72,143.13,145.61,8996235
TXN,31/10/2025,146.97,150.32,144.45,148.58,3150889
TXN,01/11/2025,149.95,151.32,144.61,147.47,9218326
TXN,02/11/2025,150.37,154.06,150.29,151.35,5457064
TXN,03/11/2025,152.96,157.07,152.22,155.97,7630260
TXN,04/11/2025,155.64,157.13,152.97,155,5883048
TXN,05/11/2025,152.66,155.38,151.33,153.45,3909847
TXN,06/11/2025,154.76,154.9,153.03,153.69,4108996
TXN,07/11/2025,152.63,153.69,147.95,150.61,8830177
TXN,08/11/2025,150.11,154.7,149.46,152.9,5483763
TXN,09/11/2025,151.39,155.15,148.57,153.5,3132421
TXN,10/11/2025,154.14,154.33,151.69,152.27,6856728
TXN,11/11/2025,150.88,152.47,148.68,151.15,5911898
TXN,12/11/2025,151.61,152.99,148.76,152.95,5493900
TXN,13/11/2025,152.92,158.11,151.25,155.5,2607925
TXN,14/11/2025,152.78,153.77,149.03,150.74,2170995
TXN,15/11/2025,148.28,152.72,147.56,149.97,1699385
TXN,16/11/2025,150.91,152.21,147.24,148.94,4860516
TXN,17/11/2025,147.76,150.21,143.68,145.22,1801791
TXN,18/11/2025,145.48,148.16,142.24,144.41,6874608
TXN,19/11/2025,142.5,145.32,141.27,144.13,3804900
UBER,21/10/2025,231.47,235.58,227.75,232.55,9523752
UBER,22/10/2025,236.43,237.94,232.62,234.42,1191303
UBER,23/10/2025,238.21,243.25,235.54,240.19,6983951
UBER,24/10/2025,244.42,249.68,244.04,249.22,6113335
UBER,25/10/2025,252.57,253.79,249.3,250.6,9192476
UBER,26/10/2025,251.37,251.85,245.77,248.18,4219375
V,21/10/2025,136.03,140.94,135.36,138.63,3609253
V,22/10/2025,140.94,141.17,138.85,139.49,2927061
V,23/10/2025,137.07,138.3,136.48,137.88,6014201
V,24/10/2025,136.28,137.18,135.47,137.13,8658110
V,25/10/2025,138.19,138.22,134.54,135.54,9489586
V,26/10/2025,136.55,137.33,135.69,136.75,2640311
V,27/10/2025,139.08,142.28,138.38,139.64,7835225
V,28/10/2025,140.09,145.29,139.06,142.77,3879795
V,29/10/2025,144.76,148.59,143.17,145.87,3141187
V,30/10/2025,145.57,147.9,144.04,146.24,1782531
V,31/10/2025,146.98,149.42,145.15,147.33,7121247
V,01/11/2025,145.81,146.01,143.19,145.03,1851158
V,02/11/2025,143.71,145.44,141.16,141.49,1039795
V,03/11/2025,140.79,142.3,139.52,141.85,1987274
V,04/11/2025,143.74,146.43,141.17,143.38,9745612
V,05/11/2025,144.92,147.33,142.37,144.44,1078460
V,06/11/2025,146.48,148.55,143.57,143.79,4869628
V,07/11/2025,141.62,145.64,139.19,143.2,2189465
V,08/11/2025,143.79,144.36,143.71,144.11,5170554
V,09/11/2025,141.63,142.78,138.6,139.21,3358867
V,10/11/2025,136.59,139.04,135.77,136.76,3382592
V,11/11/2025,135.71,136.78,133.89,134.08,1406648
V,12/11/2025,132.75,133.42,130.89,131.25,7806539
V,13/11/2025,131.78,133.86,131.08,131.38,2204787
V,14/11/2025,129.57,130.38,129,129.68,6886709
V,15/11/2025,131.3,133.92,129.72,133.25,7845218
V,16/11/2025,133.52,135.21,131.43,133.88,5820933
V,17/11/2025,133.35,135.59,131.47,133.43,8588162
V,18/11/2025,131.57,132.45,129.99,130.33,9186859
V,19/11/2025,129.82,133.67,129.42,132.07,2468789
ZM,21/10/2025,160.85,163.58,158.83,161.55,7724351
ZM,22/10/2025,161.23,161.41,158.65,161.36,8686693
ZM,23/10/2025,162.14,163.19,160.18,161.06,5339032
ZM,24/10/2025,160.92,161.58,156.46,159.15,3224027
ZM,25/10/2025,160.28,164.32,159.53,163.43,4598307
ZM,26/10/2025,160.84,165.83,158.19,163.15,9923332
ZM,27/10/2025,166.33,171.04,164.57,168.39,8233601
ZM,28/10/2025,167.05,170.24,164.24,169.94,6709841
ZM,29/10/2025,169.98,173.54,168.47,172.24,4576917
ZM,30/10/2025,169.73,170.15,165.86,167.29,5703758
ZM,31/10/2025,166.27,170.59,164.73,167.56,1106668
ZM,01/11/2025,167.66,169.85,164.42,167.59,9906086
ZM,02/11/2025,169.85,173.61,166.96,171.03,8383637
ZM,03/11/2025,168.37,172.74,165.88,171.28,9660521
ZM,04/11/2025,174.03,174.67,169,170.81,3800893
ZM,05/11/2025,169.45,172.36,168.36,171.73,7603511
ZM,06/11/2025,168.91,171.41,164.64,166.31,9839764
ZM,07/11/2025,167.01,168.41,163.91,165.18,8960878
ZM,08/11/2025,166.74,168.14,164.19,167.66,3427397
ZM,09/11/2025,167.08,169.87,165.98,169.82,8479759
ZM,10/11/2025,169.46,174.42,169.29,171.03,4610355
ZM,11/11/2025,168.72,170.42,164.19,166.26,1579082
ZM,12/11/2025,167.15,168.09,165.66,167.53,1209605
ZM,13/11/2025,168.56,174.28,167.14,171.03,3978662
ZM,14/11/2025,173.89,175.66,170.68,171.36,7516771
ZM,15/11/2025,170.09,171,164.89,166.91,5366963
ZM,16/11/2025,169.31,169.76,166.67,169.55,8132335
ZM,17/11/2025,168.87,169.64,166.97,168.74,5294581
ZM,18/11/2025,171.54,175.21,170.44,172.89,4441021
ZM,19/11/2025,174.89,175.38,171.3,172.53,1753659
